product_code;price_gross;vat;currency;stock;name
x00165;139.31;20;EUR;1;Akustikgitarre - Sunburst
x00165;113.71;20;EUR;1;Amdek CMK-100 Compressor Effect Pedal
x00166;131.21;20;EUR;1;Amdek FLK-100 Flanger Effect Pedal
B2316013;874.79;20;EUR;1;Ampete Two Head 20W
x00101;738.71;20;EUR;1;Anime Girls Guitar - Pink
S1804897;194.39;20;EUR;1;AnyGig Travel Guitar 2018 - Black
045392;524.87;20;EUR;1;Aria Japan Stratocaster 1970s - Natural
058046;738.71;20;EUR;1;Aria Pro II Les Paul Custom 1979 - Heritage Cherry Sunburst
762306;1108.07;20;EUR;1;Aria Pro II PE-140 1976 - Mahogany
x00131;485.99;20;EUR;1;Aria Pro II The Warrior WR-803 - Black
F04100210;1166.39;20;EUR;1;B.C.Rich PRO JR. V Flying V 2004 - Exotic
20103;1749.59;20;EUR;1;Bad Cat “Lil 15” Amplifier Combo
2501;1166.39;20;EUR;1;Bad Cat “Mini Cat” Amplifier Head - Black
x00111;340.19;20;EUR;1;Blackstar AMPED 3 100W Guitar Amplifier Pedal
N16549;184.67;20;EUR;1;Blackstar HTV-112 1x12 Lautsprecher Cabinet 80W
21040005;646.91;20;EUR;1;Blade Levinson Delta Standard Telecaster 2021 - Sunburst
BG73317;113.71;20;EUR;1;Boss OD-2r Turbo Overdrive Effect Pedal 1994 - Vintage
x00167;600.47;20;EUR;1;Brandless Flying V - Black
20700;1457.99;20;EUR;1;Burns Hank Marvin Signature - White
FG22030475;680.39;20;EUR;1;Burny Les Paul - Goldtop
x00166;524.87;20;EUR;1;Burny Les Paul - Metallic Red
x00167;416.87;20;EUR;1;Burny Les Paul - Tobacco Burst
FG05030598;583.19;20;EUR;1;Burny Les Paul 2005 - Ebony
Z72608;831.59;20;EUR;1;Burny Les Paul FLG-70 1977 - Tobacco Burst - Vintage Japan
x00133;388.79;20;EUR;1;Burny Les Paul LG-480 - Metallic
Z82305;777.59;20;EUR;1;Burny Les Paul Standard - Cherry Sunburst
x00168;439.55;20;EUR;1;Burny LG-480 Les Paul - Black
x00169;554.03;20;EUR;1;Burny LG-480 Les Paul - Metallic
x00170;898.55;20;EUR;1;Burny LG-75R Les Paul - Honey Burst
FG12060143;599.39;20;EUR;1;Burny Love Rock Les Paul LSD-55N 2012 - Trans Pink
x00123;923.39;20;EUR;1;Burny RLC Les Paul Custom - Ebony
X00015;898.55;20;EUR;1;Burny RLG70 Super Grade Les Paul - Cherry Sunburst
x00171;778.67;20;EUR;1;Burny Super Grade Les Paul - Flametop
F9961043;693.35;20;EUR;1;Burny Super Grade Les Paul 1999 - Cherry Sunburst
X00027;1166.39;20;EUR;1;Burny Super Grade Les Paul RLG-58 1998 - Cherry Sunburst
x00172;439.55;20;EUR;1;Burny Super Grade Les Paul Standard - Cherry Sunburst
22291762;194.39;20;EUR;1;Carl Martin Ampster Effect Pedal
24625;1943.99;20;EUR;1;Carvin USA AE185 Thinline Tele - Purple
X00030;971.99;20;EUR;1;Ceriatone Big Deluxe / American Classics 5x3 Amp Head
x00173;300.23;20;EUR;1;Charvel 4-String Bass
502144;600.47;20;EUR;1;Charvel by Jackson - Custom
x00174;485.99;20;EUR;1;Charvel by Jackson CDS - Black
9416248;462.23;20;EUR;1;Charvel by Jackson CDS 1994 - Black
C107043;462.23;20;EUR;1;Charvel by Jackson CDS-38 -  Burst
1011875;460.07;20;EUR;1;Charvel by Jackson HSS Superstrat 1989-1991 - Black
276875;639.35;20;EUR;1;Charvel by Jackson Model 1A 1986 - Red
245418;646.91;20;EUR;1;Charvel by Jackson Model 3 HSS - Red
227636;728.99;20;EUR;1;Charvel by Jackson Model 3 HSS - White
1011707;646.91;20;EUR;1;Charvel by Jackson Superstrat - Red
C013884;300.23;20;EUR;1;Charvel by Jackson Superstrat HSS  - Black
x00175;527.03;20;EUR;1;Charvel Desolation DS-1 ST - Black
MC22006548;971.99;20;EUR;1;Charvel Jim Root Signature 2022 - Matte Black
MC132375;831.59;20;EUR;1;Charvel Pro-Mod So Cal 2013 - Red
x00176;402.83;20;EUR;1;Charvette by Charvel 250SW 1989 - White
E304730;485.99;20;EUR;1;Cheri Telecaster Thinline - Sunburst
x00175;701.99;20;EUR;1;CITIZEN Ibanez Tube Screamer Tsuno Chrono Limited 500 TSTCC808
210137485;2527.19;20;EUR;1;Cole Clark FL2EC-BLBL-SUN 2021 - Natural Sunburst
HC0412530096;184.67;20;EUR;1;Collins CDP-1N Akustikgitarre - Natural
IE220508053;777.59;20;EUR;1;Cort Elrick NJS4 Bass 2022 - Black
9061088;615.59;20;EUR;1;Cort S2800 2009 - Cherry Sunburst
x00178;184.67;20;EUR;1;Coxx Let’s Roll Standard Model - Cherry Sunburst
AA30U163;107.99;20;EUR;1;Crybaby GCB-95 Effect Pedal
PW-CT-04;69.97;20;EUR;1;D'Addario Planet Waves PW-CT-04 Chromatic Tuner Effect Pedal
106007;874.79;20;EUR;1;Daion The´81 Caribou Akustik - Cherry
O10075566;665.27;20;EUR;1;Dean VMNTX Dave Mustaine Signature 2010 - Silver
30-0118-B;139.96;20;EUR;1;Digitech Eric Clapton Signature Crossroads Overdrive Effect Pedal
362464;131.21;20;EUR;1;DOD FX25 Envelope Filter Effect Pedal - USA
326369;131.21;20;EUR;1;DOD FX50-B Overdrive Effect Pedal - USA
240810;2915.99;20;EUR;1;Duesenberg Fantom A 2024 - Matt Olive
x00126;680.39;20;EUR;1;EDWARDS by ESP E-RA-110HR ROUAGE RAYZI
x00135;874.79;20;EUR;1;Edwards by ESP Sugizo Prince ES-150 - Vintage White
ED0705333;1360.79;20;EUR;1;Edwards E-ALEXI Sawtooth 2007 - Black
X00002;1457.99;20;EUR;1;Eko Ekomaster 400 1960 - Blue Sparkle
21111522069;777.59;20;EUR;1;Epiphone 1959 Les Paul Standard - Cherry Sunburst
24071524019;1330.55;20;EUR;1;Epiphone 1963 Firebird V Vibrola Maestro 2024 - Frost Blue
18061515129;878.03;20;EUR;1;Epiphone 58 Korina Flying V 2018 - Natural
11091501267;738.71;20;EUR;1;Epiphone Casino VS 2011 - Tobacco Burst
N07101263;527.03;20;EUR;1;Epiphone Dovena Akustik 2007 - Natural
U00101745;738.71;20;EUR;1;Epiphone Flying V 2000 - Natural
U06092626;831.59;20;EUR;1;Epiphone Flying V 2006 - Korina Natural
606413F;831.59;20;EUR;1;Epiphone Japan Les Paul 1996 - Fotoflame
23011523669;462.23;20;EUR;1;Epiphone Joan Jett Signature Olympic Special Guitar 2023 - White
1709200575;1652.39;20;EUR;1;Epiphone Kiss Tommy Thayer Signature Explorer 2017 - White Lightning
S93123865;646.91;20;EUR;1;Epiphone Les Paul 1993 - Tobacco Burst
1012211215;583.19;20;EUR;1;Epiphone Les Paul Custom EMG 2010 - Ebony
18081509231;1108.07;20;EUR;1;Epiphone Les Paul Custom Peter Frampton Signature 2018 - Ebony
0911233164;439.55;20;EUR;1;Epiphone Les Paul Junior 2009 - White
1112123032;375.83;20;EUR;1;Epiphone Les Paul Junior 57’ Reissue 2011 - Yellow
S93082249;554.03;20;EUR;1;Epiphone Les Paul Korea 1993 - Cherry Sunburst
U98072503;415.79;20;EUR;1;Epiphone Les Paul Studio 1998 - Ebony
F305339;462.23;20;EUR;1;Epiphone Les Paul Tribute 2010 - Translucent Black
25041302842;439.55;20;EUR;1;Epiphone Les Paul Tribute 2025 - Cherry Sunburst
07780702;1457.99;20;EUR;1;Epiphone SC-450 Scroll 1978 - Natural
DW05112935;527.03;20;EUR;1;Epiphone SG 2005 - Heritage Cherry
SJ07025642;439.55;20;EUR;1;Epiphone SG Bigsby 2007 - Red
EE061010573;777.59;20;EUR;1;Epiphone SG Custom 2006 - Ivory
EE06055128;439.55;20;EUR;1;Epiphone SG LTD 2006 - Blue Flametop
0808212608;665.27;20;EUR;1;Epiphone Sheraton-II 2008 - Natural
SJ040613889;439.55;20;EUR;1;Epiphone Special II Limited Edition 2004 - Skull
EB2620;9.71;20;EUR;1;Ernie Ball 7-String Power Slinky Gitarrensaiten 11-58
EB2621;9.71;20;EUR;1;Ernie Ball 7-String Regular Slinky Gitarrensaiten 10-56
EB2627;7.55;20;EUR;1;Ernie Ball Beefy Slinky Gitarrensaiten 11-54
EB2225;7.55;20;EUR;1;Ernie Ball Extra Slinky Gitarrensaiten 8-38
EB2222;6.47;20;EUR;1;Ernie Ball Hybrid Slinky Gitarrensaiten 9-46
084138;6317.99;20;EUR;1;Ernie Ball Music Man Eddie Van Halen Signature 1993 - Translucent Gold
EB2626;7.55;20;EUR;1;Ernie Ball Not Even Slinky Gitarrensaiten 12-56
EB2201;18.35;20;EUR;1;Ernie Ball Papa Het´s Signature Gitarrensaiten 11-50
EB2220;6.47;20;EUR;1;Ernie Ball Power Slinky Gitarrensaiten 11-48
EB2221;6.47;20;EUR;1;Ernie Ball Regular Slinky Gitarrensaiten 10-46
EB2200;18.35;20;EUR;1;Ernie Ball Slash Signature Gitarrensaiten 11-48
EB2223;6.47;20;EUR;1;Ernie Ball Super Slinky Gitarrensaiten 9-42
EB3826;16.19;20;EUR;1;Ernie Ball Tim Henson Signature Gitarrensaiten 9,5-46
92628;1385.63;20;EUR;1;ESP 800 Series Stratocaster 1995 - Cherry Sunburst - Vintage Japan
19306;1052.99;20;EUR;1;ESP Action Precision Bass 1994 - Sunburst - Vintage Japan
ES3202223;3110.39;20;EUR;1;ESP E-II Eclipse - Tobacco Burst
ES5254233;1828.43;20;EUR;1;ESP E-II Horizon NT HS Hipshot - Purple Sparkle
ES1526134;1570.31;20;EUR;1;ESP E-II ST-2 2015 - Trans Black
BB2005084;1197.71;20;EUR;1;ESP Edwards Batman Ninja Warrior Viper 2005 - Black
x00180;1929.95;20;EUR;1;ESP FA-II Flying A „The Alfee“ - White
x00181;1292.75;20;EUR;1;ESP Flying A The Alfee 1990 - White - Vintage Japan
S1343102;973.07;20;EUR;1;ESP Forest Bass 2013 - Black
W14080259;874.79;20;EUR;1;ESP LTD Andy James Signature AJ-1 2014 - Black Satin
L12073753;1141.55;20;EUR;1;ESP LTD GL-200K George Lynch Signature 2012 - Kamikaze
33150;709.55;20;EUR;1;ESP MA280-B Bass 1999 - See Thru Brown
00090;1846.79;20;EUR;1;ESP Random Star - Purple Tiger
00148;1263.59;20;EUR;1;ESP Random Star RSZ-110 ZEP-II 1980s - Red
33425;701.99;20;EUR;1;ESP Stratocaster 1998 - signed by Paul Gilbert
50;1595.15;20;EUR;1;ESP THE ALFEE Signature Angel Classic Junior 1998 - Cherry Sunburst
x00122;534.59;20;EUR;1;EVH 5150 Mini Guitar - Red Striped
EVH1900863;831.59;20;EUR;1;EVH Eddie Van Halen Stratocaster Striped Series 2019
3023-3;61.55;20;EUR;1;Faber ABRH-BA ABRH Bridge, For Gibson® ABR-1, Aged Nickel, Brass saddles natural
3023-2;50.75;20;EUR;1;Faber ABRH-BG ABRH Bridge, For Gibson® ABR-1, Gloss Nickel, Brass saddles natural
3023-5;84.23;20;EUR;1;Faber ABRH-GA ABRH Bridge, For Gibson® ABR-1, Aged Gold, Brass saddles gold plated
3023-13;145.79;20;EUR;1;Faber ABRH-GAN ABRH Bridge, For Gibson® ABR-1, Aged Gold, Nylon saddles
3023-4;70.19;20;EUR;1;Faber ABRH-GG ABRH Bridge, For Gibson® ABR-1, Gloss Gold, Brass saddles gold plated
3023-12;133.91;20;EUR;1;Faber ABRH-GGN ABRH Bridge, For Gibson® ABR-1, Gloss Gold, Nylon saddles
3023-1;61.55;20;EUR;1;Faber ABRH-NA ABRH Bridge, For Gibson® ABR-1, Aged Nickel, Brass saddles nickel plated
3023-11;102.59;20;EUR;1;Faber ABRH-NAN ABRH Bridge, For Gibson® ABR-1, Aged Nickel, Nylon saddles
3023-0;50.75;20;EUR;1;Faber ABRH-NG ABRH Bridge, For Gibson® ABR-1, Gloss Nickel, Brass saddles nickel plated
3023-10;91.79;20;EUR;1;Faber ABRH-NGN ABRH Bridge, For Gibson® ABR-1, Gloss Nickel, Nylon saddles
3023-7;102.59;20;EUR;1;Faber ABRH-TA ABRH Bridge, For Gibson® ABR-1, Aged Nickel, Titanium saddles
3023-6;91.79;20;EUR;1;Faber ABRH-TG ABRH Bridge, For Gibson® ABR-1, Gloss Nickel, Titanium saddles
3031-3;85.31;20;EUR;1;Faber ABRL-BA ABRL Bridge, pat. pend. Locking System, Aged Nickel, Brass saddles natural
3031-2;75.59;20;EUR;1;Faber ABRL-BG ABRL Bridge, pat. pend. Locking System, Gloss Nickel, Brass saddles natural
3031-5;115.55;20;EUR;1;Faber ABRL-GA ABRL Bridge, pat. pend. Locking System, Aged Gold, Brass saddles natural
3031-13;181.43;20;EUR;1;Faber ABRL-GAN ABRL Bridge, pat. pend. Locking System, Aged Gold, Nylon saddles
3031-4;101.51;20;EUR;1;Faber ABRL-GG ABRL Bridge, pat. pend. Locking System, Gloss Gold, Brass saddles natural
3031-12;167.39;20;EUR;1;Faber ABRL-GGN ABRL Bridge, pat. pend. Locking System, Gloss Gold, Nylon saddles
3031-1;85.31;20;EUR;1;Faber ABRL-NA ABRL Bridge, pat. pend. Locking System, Aged Nickel, Brass saddles nickel plated
3031-11;128.51;20;EUR;1;Faber ABRL-NAN ABRL Bridge, pat. pend. Locking System, Aged Nickel, Nylon saddles
3031-0;75.59;20;EUR;1;Faber ABRL-NG ABRL Bridge, pat. pend. Locking System, Gloss Nickel, Brass saddles nickel plated
3031-10;118.79;20;EUR;1;Faber ABRL-NGN ABRL Bridge, pat. pend. Locking System, Gloss Nickel, Nylon saddles
3031-7;128.51;20;EUR;1;Faber ABRL-TA ABRL Bridge, pat. pend. Locking System, Aged Nickel, TITANIUM saddles
3031-6;118.79;20;EUR;1;Faber ABRL-TG ABRL Bridge, pat. pend. Locking System, Gloss Nickel, TITANIUM saddles
3031-18;187.91;20;EUR;1;Faber ABRLB-GA ABRL Bridge, pat. pend. Locking System, SOLID BELL BRASS, Aged gold
3031-17;172.79;20;EUR;1;Faber ABRLB-GG ABRL Bridge, pat. pend. Locking System, SOLID BELL BRASS, Gloss gold
3031-16;132.83;20;EUR;1;Faber ABRLB-NA ABRL Bridge, pat. pend. Locking System, SOLID BELL BRASS, Aged Nickel
3031-15;119.87;20;EUR;1;Faber ABRLB-NG ABRL Bridge, pat. pend. Locking System, SOLID BELL BRASS, Gloss nickel
3060-3;61.55;20;EUR;1;Faber ABRM-BA ABRM Bridge, Fits 4mm studs, Aged Nickel, Brass saddles natural
3060-2;50.75;20;EUR;1;Faber ABRM-BG ABRM Bridge, Fits 4mm studs, Gloss Nickel, Brass saddles natural
3060-5;84.23;20;EUR;1;Faber ABRM-GA ABRM Bridge, Fits 4mm studs, Aged Gold, Brass saddles gold plated
3060-13;145.79;20;EUR;1;Faber ABRM-GAN ABRM Bridge, Fits 4mm studs, Aged Gold, Nylon saddles
3060-4;70.19;20;EUR;1;Faber ABRM-GG ABRM Bridge, Fits 4mm studs, Gloss Gold, Brass saddles gold plated
3060-12;133.91;20;EUR;1;Faber ABRM-GGN ABRM Bridge, Fits 4mm studs, Gloss Gold, Nylon saddles
3060-1;61.55;20;EUR;1;Faber ABRM-NA ABRM Bridge, Fits 4mm studs, Aged Nickel, Brass saddles nickel plated
3060-11;102.59;20;EUR;1;Faber ABRM-NAN ABRM Bridge, Fits 4mm studs, Aged Nickel, Nylon saddles
3060-0;50.75;20;EUR;1;Faber ABRM-NG ABRM Bridge, Fits 4mm studs, Gloss Nickel, Brass saddles nickel plated
3060-10;91.79;20;EUR;1;Faber ABRM-NGN ABRM Bridge, Fits 4mm studs, Gloss Nickel, Nylon saddles
3060-7;102.59;20;EUR;1;Faber ABRM-TA ABRM Bridge, Fits 4mm studs,Aged Nickel, TITANIUM saddles
3060-6;91.79;20;EUR;1;Faber ABRM-TG ABRM Bridge, Fits 4mm studs, Gloss Nickel, TITANIUM saddles
3068-3;61.55;20;EUR;1;Faber ABRN-BA ABRN Bridge, Fits Nashv studs, Aged Nickel, Brass saddles natural
3068-2;50.75;20;EUR;1;Faber ABRN-BG ABRN Bridge, Fits Nashv studs, Gloss Nickel, Brass saddles natural
3068-5;84.23;20;EUR;1;Faber ABRN-GA ABRN Bridge, Fits Nashv studs, Aged Gold, Brass saddles gold plated
3068-13;145.79;20;EUR;1;Faber ABRN-GAN ABRN Bridge, Fits Nashv studs, Aged Gold, Nylon saddles
3068-4;70.19;20;EUR;1;Faber ABRN-GG ABRN Bridge, Fits Nashv studs, Gloss Gold, Brass saddles gold plated
3068-12;133.91;20;EUR;1;Faber ABRN-GGN ABRN Bridge, Fits Nashv studs, Gloss Gold, Nylon saddles
3068-1;61.55;20;EUR;1;Faber ABRN-NA ABRN Bridge, Fits Nashv studs, Aged Nickel, Brass saddles nickel plated
3068-11;102.59;20;EUR;1;Faber ABRN-NAN ABRN Bridge, Fits Nashv studs, Aged Nickel, Nylon saddles
3068-0;50.75;20;EUR;1;Faber ABRN-NG ABRN Bridge, Fits Nashv studs, Gloss Nickel, Brass saddles nickel plated
3068-10;91.79;20;EUR;1;Faber ABRN-NGN ABRN Bridge, Fits Nashv studs, Gloss Nickel, Nylon saddles
3068-7;102.59;20;EUR;1;Faber ABRN-TA ABRN Bridge, Fits Nashv studs, Aged Nickel, TITANIUM saddles
3068-6;91.79;20;EUR;1;Faber ABRN-TG ABRN Bridge, Fits Nashv studs, Gloss Nickel, TITANIUM saddles
3047-3;43.19;20;EUR;1;Faber BSWKIT-GA Bridge Stud/Adapter, Gold Aged (one pair)
3047-2;37.79;20;EUR;1;Faber BSWKIT-GG Bridge Stud/Adapter, Gold Gloss (one pair)
3047-1;26.99;20;EUR;1;Faber BSWKIT-NA Bridge Stud/Adapter, Nickel aged (one pair)
3047-0;24.83;20;EUR;1;Faber BSWKIT-NG Bridge Stud/Adapter, Nickel gloss (one pair)
3160-3;65.87;20;EUR;1;Faber E-sert-GA Faber E-sert = Epiphone, etc. to '59 ABR converter studs, 12mm/4mm, BELL BRASS, Gold, aged
3160-2;60.47;20;EUR;1;Faber E-sert-GG Faber E-sert = Epiphone, etc. to '59 ABR converter studs, 12mm/4mm, BELL BRASS, Gold, gloss
3160-1;46.43;20;EUR;1;Faber E-sert-NA Faber E-sert = Epiphone, etc. to '59 ABR converter studs, 12mm/4mm, BELL BRASS, Nickel, aged
3160-0;38.87;20;EUR;1;Faber E-sert-NG Faber E-sert = Epiphone, etc. to '59 ABR converter studs, 12mm/4mm, BELL BRASS, Nickel, gloss
3551-3;51.83;20;EUR;1;Faber ESWKIT-GA Bridge Adapter, Gold Aged
3551-2;46.43;20;EUR;1;Faber ESWKIT-GG Bridge Adapter, Gold Glossy
3551-1;29.15;20;EUR;1;Faber ESWKIT-NA Bridge Adapter, Nickel Aged
3551-0;26.99;20;EUR;1;Faber ESWKIT-NG Bridge Adapter, Nickel Gloss
x00156;680.39;20;EUR;1;Faber FA130S-BLR-HSS Stratocaster – Blonde
x00157;680.39;20;EUR;1;Faber FA130S-CHM-HSS Stratocaster – Dark Cherry Sunburst
x00158;680.39;20;EUR;1;Faber FA130S-CHM-SSS Stratocaster – Dark Cherry Sunburst
x00159;680.39;20;EUR;1;Faber FA130S-VFM-HSS Stratocaster – Violin Finish
3506-1;72.35;20;EUR;1;Faber FKT33BB-NA Faber Kluson style tuners, 3+3, bolt bushing, nickel aged
3506-0;46.43;20;EUR;1;Faber FKT33BB-NG Faber Kluson style tuners, 3+3, bolt bushing, nickel glossy
3502-3;99.35;20;EUR;1;Faber FKT33SBT-GA Faber Kluson style tuners, tulip knob, 3+3, separate bushing, gold aged
3502-2;84.23;20;EUR;1;Faber FKT33SBT-GG Faber Kluson style tuners, tulip knob, 3+3, separate bushing, gold glossy
3510-3;99.35;20;EUR;1;Faber FKT6L-GA Faber Kluson style tuners, 6 in line, separate bushing, gold aged
3510-2;84.23;20;EUR;1;Faber FKT6L-GG Faber Kluson style tuners, 6 in line, separate bushing, gold glossy
3511-3;205.19;20;EUR;1;Faber FT33L-GA Faber locking tuners, 3+3, bolt bushing, gold aged
3511-2;187.91;20;EUR;1;Faber FT33L-GG Faber locking tuners, 3+3, bolt bushing, gold gloss
3023-9;91.79;20;EUR;1;Faber HYBRIDge-H-NA ABRH Bridge, For Gibson® ABR-1, Aged Nickel, Titanium/Brass saddles
3023-8;80.99;20;EUR;1;Faber HYBRIDge-H-NG ABRH Bridge, For Gibson® ABR-1, Gloss Nickel, Titanium/Brass saddles
3031-9;115.55;20;EUR;1;Faber HYBRIDge-L-NA ABRL Bridge, pat. pend. Locking System, Aged Nickel, TITANIUM/Brass saddles
3031-8;103.67;20;EUR;1;Faber HYBRIDge-L-NG ABRL Bridge, pat. pend. Locking System, Gloss Nickel, TITANIUM/Brass saddles
3060-9;91.79;20;EUR;1;Faber HYBRIDge-M-NA ABRM Bridge, Fits 4mm studs, Aged Nickel, TITANIUM/Brass saddles
3060-8;80.99;20;EUR;1;Faber HYBRIDge-M-NG ABRM Bridge, Fits 4mm studs, Gloss Nickel, TITANIUM/Brass saddles
3068-9;91.79;20;EUR;1;Faber HYBRIDge-N-NA ABRN Bridge, Fits Nashv studs, Aged Nickel, TITANIUM/Brass saddles
3068-8;80.99;20;EUR;1;Faber HYBRIDge-N-NG ABRN Bridge, Fits Nashv studs, Gloss Nickel, TITANIUM/Brass saddles
3118-0;37.79;20;EUR;1;Faber IBG-sert-MNG Faber IBG-sert = Epiphone/Nashville to '59 ABR converter studs, 8mm/4mm, BRASS, nickel plated, glossy #1
3117-3;49.67;20;EUR;1;Faber iNsert-IGA '59 ABR-1 converter studs, 7mm/6-32inch, BRASS, gold plated, aged
3117-1;31.31;20;EUR;1;Faber iNsert-INA '59 ABR-1 converter studs, 7mm/6-32inch, BRASS, nickel plated, aged
3117-0;29.15;20;EUR;1;Faber iNsert-ING '59 ABR-1 converter studs, 7mm/6-32inch, BRASS, nickel plated, glossy
3116-3;49.67;20;EUR;1;Faber iNsert-MGA Faber iNsert = Nashville to '59 ABR converter studs, 7mm/4mm, BRASS, gold plated, aged
3116-2;45.35;20;EUR;1;Faber iNsert-MGG Faber iNsert = Nashville to '59 ABR converter studs, 7mm/4mm, BRASS, gold plated, gloss
3116-1;31.31;20;EUR;1;Faber iNsert-MNA Faber iNsert = Nashville to '59 ABR converter studs, 7mm/4mm, BRASS, nickel plated, aged
3116-0;29.15;20;EUR;1;Faber iNsert-MNG Faber iNsert = Nashville to '59 ABR converter studs, 7mm/4mm, BRASS, nickel plated, glossy
x00155;194.39;20;EUR;1;Faber JBC BB Jazz Bass - Black
x00164;194.39;20;EUR;1;Faber JBC VWR Jazz Bass - Vintage White
x00154;194.39;20;EUR;1;Faber JBC YSR Jazz Bass - Sunburst
1102363;680.39;20;EUR;1;Faber Les Paul Revival Model - Aged Black
1102574;680.39;20;EUR;1;Faber Les Paul Revival Model - Aged Black
1102505;680.39;20;EUR;1;Faber Les Paul Revival Model - Aged Sunburst
x00168;215.99;20;EUR;1;Faber MasterKit Premium – Gibson ABR-1 – Nickel Gloss
x00169;215.99;20;EUR;1;Faber MasterKit Premium – Metric (Epiphone & Asian) – Nickel Aged
x00170;161.99;20;EUR;1;Faber MasterKit – Gibson (ABR-1) – Nickel Aged
x00171;161.99;20;EUR;1;Faber MasterKit – Gibson (ABR-1) – Nickel Gloss
x00172;161.99;20;EUR;1;Faber MasterKit – Metric (Epiphone & Asian) – Nickel Aged
3052-3;43.19;20;EUR;1;Faber NSWKIT-IGA Bridge Adapter, 5mm base/6-32inch stud, Gold Aged
3052-2;37.79;20;EUR;1;Faber NSWKIT-IGG Bridge Adapter, 5mm base/6-32inch stud, Gold Glossy
3052-1;26.99;20;EUR;1;Faber NSWKIT-INA Bridge Adapter, 5mm base/6-32inch stud, Nickel Aged
3052-0;24.83;20;EUR;1;Faber NSWKIT-ING Bridge Adapter, 5mm base/6-32inch stud, Nickel Gloss
3051-3;43.19;20;EUR;1;Faber NSWKIT-MGA Bridge Adapter, 5mm base/4mm stud, Gold Aged
3051-2;37.79;20;EUR;1;Faber NSWKIT-MGG Bridge Adapter, 5mm base/4mm stud, Gold Glossy
3051-1;26.99;20;EUR;1;Faber NSWKIT-MNA Bridge Adapter, 5mm base/4mm stud, Nickel Aged
3051-0;24.83;20;EUR;1;Faber NSWKIT-MNG Bridge Adapter, 5mm base/4mm stud, Nickel Gloss
x00153;194.39;20;EUR;1;Faber PBC BB Precision Bass – Black
x00152;194.39;20;EUR;1;Faber PBC YSR Precision Bass – Sunburst
3152;145.79;20;EUR;1;Faber PUPCG-BGG Faber Pickup Concerto grosso -Bridge- Classic '59 PAF -hand wound- Germany, Cover gold plated
3153;145.79;20;EUR;1;Faber PUPCG-NGG Faber Pickup Concerto grosso -Neck- Classic '59 PAF -hand wound- Germany, Cover gold plated
3151;132.83;20;EUR;1;Faber PUPCG-NNG Faber Pickup Concerto grosso -Neck- Classic '59 PAF -hand wound- Germany, Cover nickel plated
3091-1;28.07;20;EUR;1;Faber RS-BA (6 pcs.) Replacement saddle, Brass, natural, pre-slotted, aged finish
3122-1;28.07;20;EUR;1;Faber RS-BAU (6 pcs.) Replacement saddle, Brass, natural, unnotched, aged finish
3091-0;24.83;20;EUR;1;Faber RS-BG (6 pcs.) Replacement saddle, Brass, natural, pre-slotted, gloss finish
3122-0;24.83;20;EUR;1;Faber RS-BGU (6 pcs.) Replacement saddle, Brass, natural, unnotched, gloss finish
3090-1;28.07;20;EUR;1;Faber RS-NA (6 pcs.) Replacement saddle, Brass, nickel plated, pre-slotted, aged finish
3120-1;28.07;20;EUR;1;Faber RS-NAU (6 pcs.) Replacement saddle, Brass, nickel plated, unnotched, aged finish
3090-0;24.83;20;EUR;1;Faber RS-NG (6pcs.) Replacement saddle, Brass, nickel plated, pre-slotted, gloss finish
3120-0;24.83;20;EUR;1;Faber RS-NGU (6 pcs.) Replacement saddle, Brass, nickel plated, unnotched, gloss finish
3134;33.47;20;EUR;1;Faber RS-NY (3pcs.) Replacement saddle, Nylon, un-notched
3094-0;44.27;20;EUR;1;Faber RS-T (3 pcs.) Replacement saddle, Titanium, natural finish, pre-slotted
3124-0;44.27;20;EUR;1;Faber RS-TU (3 pcs.) Replacement saddle, Titanium, natural finish, unnotched
3207-0-old;44.27;20;EUR;1;Faber RSWRAP-T (3 pcs.) Wraptonate replacement saddle, Titanium, natural finish, pre-slotted, for old shape bridges only!
3008-3;32.39;20;EUR;1;Faber SR-GA Extra Set Distanzhülsen-Spacers, gold aged
3008-2;28.07;20;EUR;1;Faber SR-GG Extra Set Distanzhülsen-Spacers, gold glossy
3008-1;21.59;20;EUR;1;Faber SR-NA Extra Set Distanzhülsen-Spacers, nickel aged
3008-0;19.43;20;EUR;1;Faber SR-NG Extra Set Distanzhülsen-Spacers, nickel glossy
3076-3;14.03;20;EUR;1;Faber SS-GA (3pcs.) Faber® Saddles Replacement screw, Brass, gold plated, aged
3076-2;12.95;20;EUR;1;Faber SS-GG (3pcs.) Faber® Saddles Replacement screw, Brass, gold plated, glossy
3076-1;9.71;20;EUR;1;Faber SS-NA (3pcs.) Faber® Saddles Replacement screw, Brass, nickel plated, aged
3076-0;8.63;20;EUR;1;Faber SS-NG (3pcs.) Faber® Saddles Replacement screw, Brass, nickel plated, glossy
3086-3;20.73;20;EUR;1;Faber ST-IGA-B Faber 6-32 Inch '59 ABR Brass! Studs and Brass! Thumbwheel Kit, (pair) gold plated, aged
3082-3;24.83;20;EUR;1;Faber ST-IGA-S Faber 6-32 Inch '59 ABR Steel Studs and Brass Thumbwheel Kit, (pair) gold plated, aged
3086-2;19.43;20;EUR;1;Faber ST-IGG-B Faber 6-32 Inch '59 ABR Brass! Studs and Brass! Thumbwheels Kit, (pair), gold plated, glossy
3082-2;23.75;20;EUR;1;Faber ST-IGG-S Faber 6-32 Inch '59 ABR Steel Studs and Brass Thumbwheels Kit, (pair), gold plated, glossy
3086-1;19.43;20;EUR;1;Faber ST-INA-B Faber 6-32 Inch '59 ABR Brass! Studs and Brass! Thumbwheel Kit, (pair) nickel plated, aged
3082-1;18.35;20;EUR;1;Faber ST-INA-S Faber 6-32 Inch '59 ABR Steel Studs and Brass Thumbwheel Kit, (pair) nickel plated, aged
3086-0;18.13;20;EUR;1;Faber ST-ING-B Faber 6-32 Inch '59 ABR Brass! Studs and Brass! Thumbwheel Kit, (pair) nickel plated, glossy
3082-0;17.27;20;EUR;1;Faber ST-ING-S Faber 6-32 Inch '59 ABR Steel Studs and Brass Thumbwheel Kit, (pair) nickel plated, glossy
3087-3;20.73;20;EUR;1;Faber ST-MGA-B Faber 4mm metric, '59 ABR Brass! Studs and Brass! Thumbwheel Kit, (pair) gold plated, aged
3083-3;24.83;20;EUR;1;Faber ST-MGA-S Faber 4mm metric, '59 ABR Steel Studs and Brass Thumbwheel Kit, (pair) gold plated, aged
3087-2;19.43;20;EUR;1;Faber ST-MGG-B Faber 4mm, metric '59 ABR Brass! Studs and Brass! Thumbwheel Kit, (pair) gold plated, glossy
3083-2;23.75;20;EUR;1;Faber ST-MGG-S Faber 4mm, metric '59 ABR Steel Studs and Brass Thumbwheel Kit, (pair) gold plated, glossy
3087-1;19.43;20;EUR;1;Faber ST-MNA-B Faber 4mm metric, '59 ABR Brass! Studs and Brass! Thumbwheel Kit, (pair) nickel plated, aged
3083-1;18.35;20;EUR;1;Faber ST-MNA-S Faber 4mm metric, '59 ABR Steel Studs and Brass Thumbwheel Kit, (pair) nickel plated, aged
3087-0;18.13;20;EUR;1;Faber ST-MNG-B Faber 4mm, metric '59 ABR Brass! Studs and Brass! Thumbwheel Kit, (pair) nickel plated, glossy
3083-0;17.27;20;EUR;1;Faber ST-MNG-S Faber 4mm, metric '59 ABR Steel Studs and Brass Thumbwheel Kit, (pair) nickel plated, glossy
3084-3;24.83;20;EUR;1;"Faber ST-XL IGA Faber 6-32 Inch '59 ABR Studs, BRASS, gold aged, XL-1.5"" length"
3084-2;23.75;20;EUR;1;"Faber ST-XL IGG Faber 6-32 Inch '59 ABR Studs, BRASS, gold, glossy, XL-1.5"" length"
3084-1;21.59;20;EUR;1;"Faber ST-XL INA Faber 6-32 Inch '59 ABR Studs, BRASS, aged, XL-1.5"" length"
3084-0;20.51;20;EUR;1;"Faber ST-XL ING Faber 6-32 Inch '59 ABR Studs, BRASS, glossy, XL-1.5"" length"
3085-3;24.83;20;EUR;1;Faber ST-XL MGA Faber 4mm '59 ABR Studs, BRASS, gold aged, XL-38mm length
3085-2;23.75;20;EUR;1;Faber ST-XL MGG Faber 4mm '59 ABR Studs, BRASS, gold, glossy, XL-38mm length
3085-1;18.35;20;EUR;1;"Faber ST-XL MNA Faber 4mmm '59 ABR Studs, BRASS, aged, XL-38mm"" length"
3085-0;17.27;20;EUR;1;Faber ST-XL MNG Faber 4mm '59 ABR Studs, BRASS, glossy, XL- 38mm length
x00143;194.39;20;EUR;1;Faber STC BB Stratocaster – Black
x00144;194.39;20;EUR;1;Faber STC RED Stratocaster – Red
x00142;194.39;20;EUR;1;Faber STC VWRH Stratocaster HSS – Vintage White
x00141;194.39;20;EUR;1;Faber STC YSR Stratocaster – Sunburst
x00146;340.19;20;EUR;1;Faber STCH VY Stratocaster – Vintage Yellow
x00145;340.19;20;EUR;1;Faber STCH YS Stratocaster – Sunburst
x00140;145.79;20;EUR;1;Faber STCL BB Stratocaster HSS – Black
x00139;145.79;20;EUR;1;Faber STCL RED Stratocaster HSS – Red
3320-4;75.59;20;EUR;1;Faber TBWC-59 P-BR Faber Vintage Spec PURE ALU Compensated Wraparound Tailpiece, unplated, Intonationsleiste: Messing
3420-3;105.83;20;EUR;1;Faber TBWC-59GA-BL Faber Vintage Spec ALU Compensated Wraparound Tailpiece, Gold, aged, Intonationsleiste: Messing, Linkshand
3320-3;105.83;20;EUR;1;Faber TBWC-59GA-BR Faber Vintage Spec ALU Compensated Wraparound Tailpiece, Gold, aged, Intonationsleiste: Messing
3421-3;115.55;20;EUR;1;Faber TBWC-59GA-HL Faber Vintage Spec ALU Compensated Wraparound Tailpiece, Gold, aged, Intonationsleiste: Titan/Messing, Linkshand
3422-3;122.03;20;EUR;1;Faber TBWC-59GA-TL Faber Vintage Spec ALU Compensated Wraparound Tailpiece, Gold, aged, Intonationsleiste: Titan, Linkshand
3420-2;98.27;20;EUR;1;Faber TBWC-59GG-BL Faber Vintage Spec ALU Compensated Wraparound Tailpiece, Gold, gloss, Intonationsleiste: Messing, Linkshand
3320-2;98.27;20;EUR;1;Faber TBWC-59GG-BR Faber Vintage Spec ALU Compensated Wraparound Tailpiece, Gold, gloss, Intonationsleiste: Messing
3421-2;105.83;20;EUR;1;Faber TBWC-59GG-HL Faber Vintage Spec ALU Compensated Wraparound Tailpiece, Gold, gloss, Intonationsleiste: Titan/Messing, Linkshand
3422-2;111.23;20;EUR;1;Faber TBWC-59GG-TL Faber Vintage Spec ALU Compensated Wraparound Tailpiece, Gold, gloss, Intonationsleiste: Titan, Linkshand
3420-1;75.59;20;EUR;1;Faber TBWC-59NA-BL Faber Vintage Spec ALU Compensated Wraparound Tailpiece, Nickel, aged, Intonationsleiste: Messing, Linkshand
3320-1;75.59;20;EUR;1;Faber TBWC-59NA-BR Faber Vintage Spec ALU Compensated Wraparound Tailpiece, Nickel, aged, Intonationsleiste: Messing
3421-1;80.99;20;EUR;1;Faber TBWC-59NA-HL Faber Vintage Spec ALU Compensated Wraparound Tailpiece, Nickel, aged, Intonationsleiste: Titan/Messing, Linkshand
3422-1;85.31;20;EUR;1;Faber TBWC-59NA-TL Faber Vintage Spec ALU Compensated Wraparound Tailpiece, Nickel, aged, Intonationsleiste: Titan, Linkshand
3322-1;85.31;20;EUR;1;Faber TBWC-59NA-TR Faber Vintage Spec ALU Compensated Wraparound Tailpiece, Nickel, aged, Intonationsleiste: Titan
3420-0;66.95;20;EUR;1;Faber TBWC-59NG-BL Faber Vintage Spec ALU Compensated Wraparound Tailpiece, Nickel, gloss, Intonationsleiste: Messing, Linkshand
3320-0;66.95;20;EUR;1;Faber TBWC-59NG-BR Faber Vintage Spec ALU Compensated Wraparound Tailpiece, Nickel, gloss, Intonationsleiste: Messing
x00149;194.39;20;EUR;1;Faber TEC BB Telecaster – Black
x00147;194.39;20;EUR;1;Faber TEC MRR Telecaster – Metallic Red
x00151;340.19;20;EUR;1;Faber TECH Blonde Telecaster – See Through Blonde
x00150;340.19;20;EUR;1;Faber TECH VNT Telecaster – Vintage Natural
3000-3;38.87;20;EUR;1;Faber TL-IGA Faber Tone-Lock Kit, 2 Schraubbolzen (Inch Gewinde-thread f. Gibson) + 3 Paar Distanzhülsen, aged
3000-2;35.63;20;EUR;1;Faber TL-IGG Faber Tone-Lock Kit, 2 Schraubbolzen (Inch Gewinde-thread f. Gibson) + 3 Paar Distanzhülsen, glossy
3000-1;36.71;20;EUR;1;Faber TL-INA Faber Tone-Lock Kit, 2 Schraubbolzen (Inch Gewinde-thread f. Gibson) + 3 Paar Distanzhülsen, aged
3000-0;33.47;20;EUR;1;Faber TL-ING Faber Tone-Lock Kit, 2 Schraubbolzen (Inch Gewinde-thread f. Gibson) + 3 Paar Distanzhülsen, glossy
3001-3;50.75;20;EUR;1;Faber TL-MGA Faber Tone-Lock Kit, 2 Schraubbolzen (Metric Gewinde-thread) + 3 Paar Distanzhülsen, Gold- aged
3001-2;46.43;20;EUR;1;Faber TL-MGG Faber Tone-Lock Kit, 2 Schraubbolzen (Metric Gewinde-thread) + 3 Paar Distanzhülsen, Gold- glossy
3001-1;36.71;20;EUR;1;Faber TL-MNA Faber Tone-Lock Kit, 2 Schraubbolzen (Metric Gewinde-thread) + 3 Paar Distanzhülsen, aged
3001-0;33.47;20;EUR;1;Faber TL-MNG Faber Tone-Lock Kit, 2 Schraubbolzen (Metric Gewinde-thread) + 3 Paar Distanzhülsen, glossy
3010-3;38.87;20;EUR;1;Faber TP-59C Faber TP-'59 Vintage Spec ALU Stop Tailpiece, Chrome, glossy
3010-5;70.19;20;EUR;1;Faber TP-59GA Faber TP-'59 Vintage Spec ALU Stop Tailpiece, Gold, aged
3010-4;63.71;20;EUR;1;Faber TP-59GG Faber TP-'59 Vintage Spec ALU Stop Tailpiece, Gold, glossy
3010-2;43.19;20;EUR;1;Faber TP-59NA Faber TP-'59 Vintage Spec ALU Stop Tailpiece, Nickel, aged
3010-0;38.87;20;EUR;1;Faber TP-59NG Faber TP-'59 Vintage Spec ALU Stop Tailpiece, Nickel, gloss
3010-1;38.87;20;EUR;1;Faber TP-59NS Faber TP-'59 Vintage Spec ALU Stop Tailpiece, Nickel, satin-matt
3010-8;43.19;20;EUR;1;Faber TP-59P Faber TP-'59 Vintage Spec Pure ALU Stop Tailpiece, unplated!
3010-6;237.59;20;EUR;1;Faber TP-59TG Faber TP-'59 Titan Stop Tailpiece, natural, un-plated
3080-3;28.07;20;EUR;1;Faber TPI-A-IGA Faber 5/16-24 Inch Tailpiece Inserts (pair) Steel, gold plated, aged
3080-2;24.83;20;EUR;1;Faber TPI-A-IGG Faber 5/16-24 Inch Tailpiece Inserts (pair) Steel, gold plated, glossy
3080-1;18.35;20;EUR;1;Faber TPI-A-INA Faber 5/16-24 Inch Tailpiece Inserts (pair) Steel, nickel plated
3080-0;17.27;20;EUR;1;Faber TPI-A-ING Faber 5/16-24 Inch Tailpiece Inserts (pair) Steel, nickel plated, glossy
3080-7;28.07;20;EUR;1;Faber TPI-A-MGA Faber, 8mm metric Tailpiece Inserts (pair) Steel, goldl plated, aged
3080-6;24.83;20;EUR;1;Faber TPI-A-MGG Faber, 8mm metric Tailpiece Inserts (pair) Steel, gold plated, glossy
3080-5;18.35;20;EUR;1;Faber TPI-A-MNA Faber, 8mm metric Tailpiece Inserts (pair) Steel, nickel plated, aged
3080-4;17.27;20;EUR;1;Faber TPI-A-MNG Faber, 8mm metric Tailpiece Inserts (pair) Steel, nickel plated, glossy
3081-3;28.07;20;EUR;1;Faber TPI-B-MGA Faber 8mm metric Tailpiece Inserts (pair) Steel, gold plated, aged
3081-2;24.83;20;EUR;1;Faber TPI-B-MGG Faber 8mm metric Tailpiece Inserts (pair) Steel, gold plated, gloss
3081-1;18.35;20;EUR;1;Faber TPI-B-MNA Faber 8mm metric Tailpiece Inserts (pair) Steel, nickel plated, aged
3081-0;17.27;20;EUR;1;Faber TPI-B-MNG Faber 8mm metric Tailpiece Inserts (pair) Steel, nickel plated, gloss
3088-3;28.07;20;EUR;1;Faber TPI-C-IGA Faber 5/16-24 Inch Tailpiece Inserts (pair) Steel, gold plated, aged
3088-2;24.83;20;EUR;1;Faber TPI-C-IGG Faber 5/16-24 Inch Tailpiece Inserts (pair) Steel, gold plated, glossy
3088-1;18.35;20;EUR;1;Faber TPI-C-INA Faber 5/16-24 Inch Tailpiece Inserts (pair) Steel, nickel plated
3088-0;17.27;20;EUR;1;Faber TPI-C-ING Faber 5/16-24 Inch Tailpiece Inserts (pair) Steel, nickel plated, glossy
3088-7;28.07;20;EUR;1;Faber TPI-C-MGA Faber 8mm, metric,Tailpiece Inserts (pair) Steel, gold plated, aged
3088-6;24.83;20;EUR;1;Faber TPI-C-MGG Faber 8mm, metric,Tailpiece Inserts (pair) Steel, gold plated, glossy
3088-5;18.35;20;EUR;1;Faber TPI-C-MNA Faber 8mm, metric,Tailpiece Inserts (pair) Steel, nickel plated, aged
3017-3;77.75;20;EUR;1;Faber TPW-59GA Faber Vintage Spec ALU Wraparound Tailpiece, Gold, aged
3017-2;70.19;20;EUR;1;Faber TPW-59GG Faber Vintage Spec ALU Wraparound Tailpiece, Gold, glossy
3017-1;53.99;20;EUR;1;Faber TPW-59NA Faber Vintage Spec ALU Wraparound Tailpiece, Nickel - aged
3017-0;48.59;20;EUR;1;Faber TPW-59NG Faber Vintage Spec ALU Wraparound Tailpiece, Nickel, gloss
3017-4;237.59;20;EUR;1;Faber TPW-59TG Faber Vintage Spec Titan Wraparound Tailpiece, natural, un-plated
3020-3;105.83;20;EUR;1;Faber TPWC-59GA Faber TPWC-'59 Vintage Spec ALU Compensated Wraparound Tailpiece, Gold, aged
3020-2;95.03;20;EUR;1;Faber TPWC-59GG Faber TPWC-'59 Vintage Spec ALU Compensated Wraparound Tailpiece, Gold, glossy
3020-1;73.43;20;EUR;1;Faber TPWC-59NA Faber TPWC-'59 Vintage Spec ALU Compensated Wraparound Tailpiece, Nickel, aged
3020-0;66.95;20;EUR;1;Faber TPWC-59NG Faber TPWC-'59 Vintage Spec ALU Compensated Wraparound Tailpiece, Nickel, gloss
3130-3;12.95;20;EUR;1;Faber TW-IGA (2 pcs.) thumbwheels, BRASS, inch 6-32, gold plated, aged
3130-2;12.95;20;EUR;1;Faber TW-IGG (2 pcs.) thumbwheels, BRASS, inch 6-32, gold plated, glossy
3130-1;9.71;20;EUR;1;Faber TW-INA (2 pcs.) thumbwheels, BRASS, inch 6-32, nickel plated, aged
3130-0;8.63;20;EUR;1;Faber TW-ING (2 pcs.) thumbwheels, BRASS, inch 6-32, nickel plated, glossy
3131-3;12.95;20;EUR;1;Faber TW-MGA (2 pcs.) thumbwheels, BRASS, metric 4mm, gold plated, aged
3131-2;12.95;20;EUR;1;Faber TW-MGG (2 pcs.) thumbwheels, BRASS, metric 4mm, gold plated, glossy
3131-1;9.71;20;EUR;1;Faber TW-MNA (2 pcs.) thumbwheels, BRASS, metric 4mm, nickel plated, aged
3131-0;8.63;20;EUR;1;Faber TW-MNG (2 pcs.) thumbwheels, BRASS, metric 4mm, nickel plated, glossy
3350-3;60.47;20;EUR;1;Faber WL-IGA Faber Wrap-Lock, Gold Aged, Inch
3350-2;52.91;20;EUR;1;Faber WL-IGG Faber Wrap-Lock, Gold Gloss, Inch
3350-1;41.03;20;EUR;1;Faber WL-INA Faber Wrap-Lock, Nickel Aged, Inch
3350-0;36.71;20;EUR;1;Faber WL-ING Faber Wrap-Lock, Nickel Gloss, Inch
3351-3;60.47;20;EUR;1;Faber WL-MGA Faber Wrap-Lock, Gold Aged, Metric
3351-2;52.91;20;EUR;1;Faber WL-MGG Faber Wrap-Lock, Gold Gloss, Metric
3351-1;41.03;20;EUR;1;Faber WL-MNA Faber Wrap-Lock, Nickel Aged, Metric
3351-0;36.71;20;EUR;1;Faber WL-MNG Faber Wrap-Lock, Nickel Gloss, Metric
3210-3;205.19;20;EUR;1;Faber WRAPT-GA Faber Wraptonate, Intonatable Stoptail Bridge, Aged Gold
3210-2;187.91;20;EUR;1;Faber WRAPT-GG Faber Wraptonate, Intonatable Stoptail Bridge, Gloss Gold
3210-1;132.83;20;EUR;1;Faber WRAPT-NA Faber Wraptonate, Intonatable Stoptail Bridge, Aged Nickel
3210-0;120.95;20;EUR;1;Faber WRAPT-NG Faber Wraptonate, Intonatable Stoptail Bridge, Gloss Nickel
x00110;165.23;20;EUR;1;Fame URM-1000 Effect Pedal
BP077;3401.99;20;EUR;1;"Fender '52 Telecaster Custom Shop ""California Beach"" NOS Limited Edition 2004 - Pacific Green"
1518;2429.99;20;EUR;1;Fender 54’ Reissue American Stratocaster 40th Anniversary 1994 - Sunburst
Z4154263;1292.75;20;EUR;1;Fender American Deluxe Stratocaster 2005 - Cherry Sunburst
DZ1149222;1662.11;20;EUR;1;Fender American Deluxe Telecaster 2002 - Cherry Sunburst
US210008584;1477.43;20;EUR;1;Fender American Professional II Telecaster 2021 - Red
S978198;2429.99;20;EUR;1;Fender American Stratocaster 1979 - Natural
E204812;2915.99;20;EUR;1;Fender American Stratocaster 1982 - Sunburst
Z7149076_A;1166.39;20;EUR;1;Fender American Stratocaster 2007 - Seymour Duncan Antiquity
22907;1943.99;20;EUR;1;Fender American Vintage 52 Reissue Telecaster 1995 - Butterscotch Blonde
x00173;738.71;20;EUR;1;Fender American Vintage Jaguar Body - Sunburst
MX16758099;680.39;20;EUR;1;Fender Classic 50s Stratocaster 2016 - Surf Green
R116301;2954.87;20;EUR;1;Fender Custom Shop 56 Reissue Stratocaster 2021 - Scalloped - Vintage White - Relic
JD537;4859.99;20;EUR;1;Fender Custom Shop Bloodwood Fretless Bass Masterbuilt by Jason Davis 2003
R4248;5831.99;20;EUR;1;Fender Custom Shop Nocaster Telecaster Thinline NOS 2005 - Butterscotch Blonde
SZ2109259;3232.43;20;EUR;1;Fender Custom Shop Showmaster 2026 - Antique Burst
15754;4859.99;20;EUR;1;Fender Custom Shop ’63 Stratocaster Journeyman Relic HSS 2023 - Candy Apple Red
R128288;4859.99;20;EUR;1;Fender Custom Shop ’63 Stratocaster Relic MBD 2023 - Candy Apple Red
MN8119636;777.59;20;EUR;1;Fender Deluxe Powerhouse Stratocaster 1998 - Lake Placid Blue
MX24097198;680.39;20;EUR;1;Fender Exclusive MN Ens Stratocaster 2024 - Sea Foam Green Satin
CD12081736;583.19;20;EUR;1;Fender FR50CE Resonator 2012 - Sunburst
13276;161.99;20;EUR;1;Fender Frontman 15G Transistor Verstärker
MX23016067;1166.39;20;EUR;1;Fender Gold Foil Jazzmaster 2023 - Shoreline Gold
Z3022287;1292.75;20;EUR;1;Fender Highway One Showmaster 2003 - Satin Black
Z6029664;1166.39;20;EUR;1;Fender Highway One Stratocaster 2006 - Natural
Z8171865;1200.95;20;EUR;1;Fender Highway One Stratocaster 2008 - Sand
JD23033210;777.59;20;EUR;1;Fender Japan / Squier 50s Telecaster 2023 - Sunburst
J008531;874.79;20;EUR;1;Fender Japan 50s Reissue Stratocaster 1989-1990 - Black
Q010684;831.59;20;EUR;1;Fender Japan 54´ Reissue Stratocaster 1993-1994 - Natural - Vintage
Q013865;874.79;20;EUR;1;Fender Japan 57 Reissue Stratocaster 1993-1994 - Vintage White
N065783;874.79;20;EUR;1;Fender Japan 57 Reissue Stratocaster ST-57L Lefthand 1993-1994 - Black
S022513;831.59;20;EUR;1;Fender Japan 57´ Reissue Stratocaster 1994-1995 - Sunburst - Vintage
S008177;831.59;20;EUR;1;Fender Japan 57´ Reissue Stratocaster 2006-2008 - Black Gold
O013401;790.55;20;EUR;1;Fender Japan 57’ Reissue Stratocaster 1997-2000 - Sunburst
L001770;826.19;20;EUR;1;Fender Japan 60s Reissue Stratocaster 1991-1992 - Sunburst
9502082;826.19;20;EUR;1;Fender Japan 62 Reissue Stratocaster - Sunburst
J007479;923.39;20;EUR;1;Fender Japan 62 Reissue Stratocaster 1989-1990 - Sunburst
N030804;874.79;20;EUR;1;Fender Japan 62 Reissue Stratocaster 1993-1994 - Candy Apple Red
S010895;777.59;20;EUR;1;Fender Japan 62 Reissue Stratocaster 1994-1995 - Candy Apple Red - Matching Headstock
Q026862;874.79;20;EUR;1;Fender Japan 62 Reissue Stratocaster 2002-2004 - Candy Apple Red
E720519;790.55;20;EUR;1;Fender Japan 62´ Reissue Stratocaster 1984-1987 - Sunburst - Vintage
P074975;790.55;20;EUR;1;Fender Japan 62’ Reissue Stratocaster 1999-2002 - Sunburst
Q067138;790.55;20;EUR;1;Fender Japan 62’ Reissue Stratocaster 2002-2004 - Sunburst
S038286;1316.51;20;EUR;1;Fender Japan 66 Reissue Jaguar 2006-2008 - Sunburst
P004396;1457.99;20;EUR;1;Fender Japan 66 Reissue Jazzmaster 1999-2002 - Candy Apple Red - Matching Headstock
R064018;1477.43;20;EUR;1;Fender Japan 66’ Reissue Jaguar 2004-2005 - Sunburst
E785766;1166.39;20;EUR;1;Fender Japan 69 Reissue Mustang 1984-1987 - Vintage White
S027192;1166.39;20;EUR;1;Fender Japan 69 Reissue Mustang 1994-1995 - Vintage White
U022385;1263.59;20;EUR;1;Fender Japan 69 Reissue Mustang 1995-1996 - Candy Apple Red
O067602;1166.39;20;EUR;1;Fender Japan 69 Reissue Mustang 1997-2000 - Surf Green
P062363;1263.59;20;EUR;1;Fender Japan 69 Reissue Mustang 1999-2002 - Heavy Relic Vintage White
O019954;971.99;20;EUR;1;Fender Japan 72 Reissue Stratocaster 1997-2000 - Black
O099881;874.79;20;EUR;1;Fender Japan 72 Reissue Stratocaster 1997-2000 - Black
S027577.;1166.39;20;EUR;1;Fender Japan 72 Reissue Stratocaster ST72-86DSC 2006-2008 - Vintage White
Q004799;790.55;20;EUR;1;Fender Japan 72´ Reissue Telecaster 1993-1994 - Candy Apple Red Repaint - Vintage
JD19017288;1166.39;20;EUR;1;Fender Japan CHAR-MG 69 Reissue Mustang 2019 - Olympic White
JD16020673;923.39;20;EUR;1;Fender Japan Classic 70s Telecaster 2016 - Blue
JD25001431_A;1166.39;20;EUR;1;Fender Japan Custom Traditional 60s Telecaster 2025 - Shell Pink
JD18001131;914.75;20;EUR;1;Fender Japan Hybrid Series Telecaster 2018 - Natural
L028383;874.79;20;EUR;1;Fender Japan Jazz Bass Special 1991-1992 - Black
JD22019155;914.75;20;EUR;1;Fender Japan Jazzmaster Junior Collection 2022 - Satin Shell Pink
JD22008138;1200.95;20;EUR;1;Fender Japan Limited Edition Traditional 60s II Telecaster 2002 - Black
E714250;485.99;20;EUR;1;Fender Japan SF-456 Stratocaster 1984-1987 - Black
M039899;777.59;20;EUR;1;Fender Japan Squier Partcaster 1992-1993 - Shell Pink
L039094;449.27;20;EUR;1;Fender Japan ST-235M Mini Stratocaster 1991-1992 - Black - Vintage
Q084895;831.59;20;EUR;1;Fender Japan ST-43 Stratocaster 1993-1994 - Black
Q028998;831.59;20;EUR;1;Fender Japan ST-43 Stratocaster 1993-1994 - Black
Q049600;831.59;20;EUR;1;Fender Japan ST-43 Stratocaster 1993-1994 - Black
R075317;874.79;20;EUR;1;Fender Japan ST-45 Stratocaster 2004-2005 - Vintage White
S070907;831.59;20;EUR;1;Fender Japan ST-50 Stratocaster 1994-1995 - Sunburst - Vintage
U002334;785.15;20;EUR;1;Fender Japan ST-STD Stratocaster 1995-1996 - Sunburst - Vintage
S000567;787.31;20;EUR;1;Fender Japan ST62-65AS 40th Anniversary Stratocaster 1994-1995 - Yellow
O051073;665.27;20;EUR;1;Fender Japan Standard Stratocaster 1993-1994 - Black - Vintage
T099295.;874.79;20;EUR;1;Fender Japan Standard Stratocaster 1994-1995 - Sunburst - Vintage
S007814;748.43;20;EUR;1;Fender Japan STM-94M Stratocaster 1994-1995 - Black - Vintage
F007782;831.59;20;EUR;1;Fender Japan STR-80R Stratocaster 1986-1987 - Black Burst - Vintage
F007936;826.19;20;EUR;1;Fender Japan Stratocaster - Black
H034826;680.39;20;EUR;1;Fender Japan Stratocaster 1988-1989 - Red Repaint
P020537;826.19;20;EUR;1;Fender Japan Stratocaster 1993-1994 - Candy Apple Red
O047716;831.59;20;EUR;1;Fender Japan Stratocaster 1993-1994 - Red Repaint - Vintage
O029929;785.15;20;EUR;1;Fender Japan Stratocaster 1993-1994 - Vintage White
K003134;971.99;20;EUR;1;Fender Japan TL-354 Telecaster 1990-1991 - Mustard - Vintage
P078474;831.59;20;EUR;1;Fender Japan TL-43 Telecaster 1993-1994 - Black - Vintage
S076398;790.55;20;EUR;1;Fender Japan TL-50 Telecaster 1994-1995 - Black - Vintage
S030695;673.91;20;EUR;1;Fender Japan TL-STD Telecaster 1994-1995 - Black - Vintage
JD13017339;831.59;20;EUR;1;Fender Japan TL-STD Telecaster 2013 - Sand
JD17005471;1385.63;20;EUR;1;Fender Japan TL62B 62’ Telecaster 2017 - Ice Blue Metallic
JD21009332;914.75;20;EUR;1;Fender Japan Traditional 60s II Stratocaster 2021 - Sunburst
JD20012758;878.03;20;EUR;1;Fender Japan Traditional 60s II Telecaster 2020 - Lake Placid Blue
JD25012431;1330.55;20;EUR;1;Fender Japan Traditional Collection 60s Telecaster 2025 - Stardust Pink
JD22019734;1229.03;20;EUR;1;Fender Japan Traditional II 60s Jaguar 2022 - Sunburst
L14400;7775.99;20;EUR;1;Fender Jazzmaster 1963 Pre CBS - Inca Silver Refin
MX22104299;971.99;20;EUR;1;Fender Jimmie Vaughan Tex-Mex Stratocaster 2022 - Olympic White
MX21551525;874.79;20;EUR;1;Fender Meteora 2021 - Sunburst
MN541957;777.59;20;EUR;1;Fender Mexico FSR Stratocaster 1995 - Vintage White
MN8150792;680.39;20;EUR;1;Fender Mexico Stratocaster 1998 - Black
MZ2197369;600.47;20;EUR;1;Fender Mexico Telecaster 2002 - Sunburst
JD17045928;1292.75;20;EUR;1;Fender MJT 50s Reissue Telecaster - Dakota Red - Heavy Relic
JD14006592;1247.39;20;EUR;1;Fender MJT 62 Reissue Stratocaster - Sonic Blue - Heavy Relic
374014;3887.99;20;EUR;1;Fender Mustang 1973 - Sunburst
x00183;738.71;20;EUR;1;Fender Squier 51 Strat/Tele Hybrid - Butterscotch Blonde
SZ3044171;2309.03;20;EUR;1;Fender Stevie Ray Vaughan Signature Stratocaster 2003 - Sunburst
625464;2915.99;20;EUR;1;Fender Telecaster 1975 - Natural
7624367;2429.99;20;EUR;1;Fender Telecaster 1976 - Vintage White
S835481;3110.39;20;EUR;1;Fender Telecaster 1979 - White Blonde
MX21015829;680.39;20;EUR;1;Fender Telecaster 2021 - Lake Placid Blue
CC00071854;615.59;20;EUR;1;Fender Telecoustic 2000 - Candy Apple Red
140109486;615.59;20;EUR;1;Fender Telecoustic 2014 - Flame Maple Sunburst
MX23132714;971.99;20;EUR;1;Fender Tom Delonge Signature Stratocaster 2023 - Daphne Blue
E300285;1749.59;20;EUR;1;Fender USA Jazz Bass 1983 - Black
590108;2631.95;20;EUR;1;Fender USA Precision Bass 1975 - Sunburst
213756;6317.99;20;EUR;1;Fender USA Telecaster 1968 - Natural
MX22225634;971.99;20;EUR;1;Fender Vintera 60s Jaguar 2022 - Sunburst
40601;874.79;20;EUR;1;Fernandes Telecaster 1974 - Natural - Vintage Japan
I120180;462.23;20;EUR;1;FGN Fujigen J-Standard Strat 2012 - Lake Placid Blue
G201936;831.59;20;EUR;1;FGN Fujigen Japan J-Standard HSS 2020
G170778;1069.19;20;EUR;1;FGN Fujigen LS-10 Neo Classic Les Paul 2017
096938-02;1023.83;20;EUR;1;Framus Diablo Custom 2002
D00013118;583.19;20;EUR;1;Framus Diablo Progressive X - Trans Black
C00154407;291.59;20;EUR;1;Framus FR 212 Speaker Cabinet
X00025;485.99;20;EUR;1;Framus Les Paul - Natural
X00012;1317.59;20;EUR;1;Framus Strato Deluxe 1963 - Blonde
x00174;69.97;20;EUR;1;Freedom Custom Guitar Research A/B Switch Box Pedal - Japan
220109778;554.03;20;EUR;1;G&L JB Tribute Series Jazz Bass 2022 - Lake Placid Blue
022710;1555.19;20;EUR;1;Gibson 1960 Les Paul Classic 2002- Ebony
CS104982;2770.19;20;EUR;1;Gibson Custom Shop 57´ Les Paul Standard 2001 - Planet Green
111010669;923.39;20;EUR;1;Gibson Flying V Melody Maker 2011 - Ebony
113994;1283.03;20;EUR;1;Gibson L6-S Custom 1974 - Cherry Sunburst
128921665;1166.39;20;EUR;1;Gibson Les Paul 70‘s Tribute 2013 - Tobacco Burst
061909;2309.03;20;EUR;1;Gibson Les Paul Classic 1960 2006 - Honey Fade
150052149.;1662.11;20;EUR;1;Gibson Les Paul Classic 2015 - Vintage Sunburst
89543;2770.19;20;EUR;1;Gibson Les Paul Custom Shop 1998 - Catalina Red
83390502;3401.99;20;EUR;1;Gibson Les Paul Deluxe 1980 - Natural
121420420;1316.51;20;EUR;1;Gibson Les Paul Junior 2010 - TV Yellow
00625576;1200.95;20;EUR;1;Gibson Les Paul Special 2005 - Faded Cherry
00655485;1263.59;20;EUR;1;Gibson Les Paul Special 2005 - Faded Yellow
022951307;1662.11;20;EUR;1;Gibson Les Paul Special DC 2005 - TV Yellow
203910037;1108.07;20;EUR;1;Gibson Les Paul Special Tribute 2021 - Faded Black
90932413;2186.99;20;EUR;1;Gibson Les Paul Standard 1992 - Ebony
92729384;1943.99;20;EUR;1;Gibson Les Paul Standard 1999 - Cherry Sunburst
90769333.;1662.11;20;EUR;1;Gibson Les Paul Standard 1999 - Ebony
0141140733;1929.95;20;EUR;1;Gibson Les Paul Standard DC 2001 - Trans Red
022950314;2138.39;20;EUR;1;Gibson Les Paul Standard DC Plus 2005 - Amber
233310133.;7387.19;20;EUR;1;Gibson Les Paul Standard Slash 4 Limited Album Edition 2021 - 1 of 250
228930142;2721.59;20;EUR;1;Gibson Les Paul Supreme 2023 -  Wine Red
160093656;1200.95;20;EUR;1;Gibson Les Paul Tribute P90 2016 - Tobacco Sunburst
72597187;1943.99;20;EUR;1;Gibson Melody Maker DC 1977 - Sunburst
738064;1749.59;20;EUR;1;Gibson SG II 1970-1972 MOD - Brown
222220159;1263.59;20;EUR;1;Gibson SG Standard 2022 - Ebony
160056;7775.99;20;EUR;1;Gibson Thunderbird II Bass 1964 – Alembic Custom 1976 – Tree of Life – Ember Red
12468;971.99;20;EUR;1;Gitane DG-250M - Natural
x00178;17.27;20;EUR;1;Gitarrenkarton 1180×475×165 mm – Doppelwelliger Versandkarton für Gitarren
x00179;46.43;20;EUR;1;Gitarrenkarton 3er Set 1180×475×165 mm – Doppelwellige Versandkartons
x00180;70.19;20;EUR;1;Gitarrenkarton 5er Set 1180×475×165 mm – Doppelwellige Versandkartons
031986009144;777.59;20;EUR;1;Godin 5th Avenue Kingpin P90 - Cognac Burst
11905;1154.51;20;EUR;1;Godin L. R. Baggs Acousticaster - Tobacco Burst
02156587;680.39;20;EUR;1;Godin LG 2002 - Red Burst
x00184;554.03;20;EUR;1;Grass Roots ESP Forest FR-GT-SH
x00185;289.43;20;EUR;1;Grassroots Forest Bass G-FR-52B - See thru Red
x00125;437.39;20;EUR;1;GrassRoots Sugizo Model - Black
I784576;997.91;20;EUR;1;Greco Custom EG-600P Les Paul 1978 - Ebony - Vintage Japan
02741;914.75;20;EUR;1;Greco EG Ace Frehley Les Paul Custom 1980 - Heritage Cherry Sunburst - Vintage Japan
x00120;874.79;20;EUR;1;Greco EG Les Paul 1970s - Cherry Sunburst
x00138;680.39;20;EUR;1;Greco EG Les Paul 1970s - Ebony
K766172;874.79;20;EUR;1;Greco EG Les Paul 1976 - Cherry Sunburst
F784908;777.59;20;EUR;1;Greco EG Les Paul 1978 - Cherry Sunburst
06442;790.55;20;EUR;1;Greco EG Les Paul Standard 1980 - Sunburst - Vintage Japan
x00136;777.59;20;EUR;1;Greco EG Les Paul Standard 1980s - Cherry Sunburst
C785741;777.59;20;EUR;1;Greco EG Standard Les Paul 1979 - Cherry Sunburst
X00103;831.59;20;EUR;1;Greco EG-360 Les Paul 1970s - Goldtop
A787304;874.79;20;EUR;1;Greco EG-450 Les Paul Standard - Ebony
D787686;971.99;20;EUR;1;Greco EG-450 Les Paul Standard 1978 - Cherry Sunburst - Vintage Japan
X00108;680.39;20;EUR;1;Greco EG-480 Les Paul Custom 1970s - Sunburst
L778038;874.79;20;EUR;1;Greco EG-500 Standard Les Paul 1977 - Ebony
10130;831.59;20;EUR;1;Greco EG-500 Super Power Les Paul 1981 - Cherry Sunburst
24661;831.59;20;EUR;1;Greco EG-550 Rock Spirits Les Paul 1992 - Cherry Sunburst
H785309;1108.07;20;EUR;1;Greco EG-600 Les Paul Custom 1978 - Black - Vintage Japan
x00119;874.79;20;EUR;1;Greco EG-700 Standard Les Paul 1975 - Tobacco Sunburst
B787473;874.79;20;EUR;1;Greco EG450 Les Paul Standard 1978 - Cherry Sunburst
x00121;777.59;20;EUR;1;Greco EG480 Custom Les Paul 1970s - Sunburst
D761632;777.59;20;EUR;1;Greco EG480R Custom Les Paul 1976 - Cherry Sunburst
x00186;790.55;20;EUR;1;Greco EG500 1973 - Ebony - Vintage Japan
E785417;701.99;20;EUR;1;Greco EG500 Les Paul Standard 1978 - Cherry Sunburst - Vintage Japan
A787502;878.03;20;EUR;1;Greco EG600 Les Paul Custom 1978 - Ebony - Vintage Japan
X001;646.91;20;EUR;1;Greco Electric Jazz Bass Matsumoku 1970s - Natural
F784975;415.79;20;EUR;1;Greco GOB-700 Bass 1978 - Defekt
K914140;777.59;20;EUR;1;Greco J-80E 1991 - Sunburst
x00187;665.27;20;EUR;1;Greco Jazz Bass 1970s - Natural
B870319;1052.99;20;EUR;1;Greco JLG-75 1987 - Black
X00082;646.91;20;EUR;1;Greco Les Paul 1970s - Sunburst - Vintage Japan
x00188;790.55;20;EUR;1;Greco Les Paul Bolt on H.K. 1970s - Cherry Sunburst
J776164;874.79;20;EUR;1;Greco Les Paul Standard 1977 - Tobacco Burst
J787771;878.03;20;EUR;1;Greco Les Paul Standard 1978 - Ebony
x00128;680.39;20;EUR;1;Greco Matsumoku Electric Jazz Bass 1970s - Natural
x00189;738.71;20;EUR;1;Greco Matsumoku Stratocaster 1970s - Sunburst
I791182;777.59;20;EUR;1;Greco SE-380 Super Sounds Stratocaster 1979 - Sunburst
J806081;583.19;20;EUR;1;Greco SE450 Scalloped Stratocaster 1980 - Black
H750551_A;631.79;20;EUR;1;Greco SG Matsumoku 1975 - Cherry - Vintage
x00137;874.79;20;EUR;1;Greco SG SS63-60 Mint Collection 1990s - Vintage White
x00190;575.63;20;EUR;1;Greco SS-600 1990s - Heritage Cherry
x00127;680.39;20;EUR;1;Greco Stratocaster 1970s - Natural
x00191;738.71;20;EUR;1;Greco Stratocaster 1970s - Vintage White
G763314;646.91;20;EUR;1;Greco Super Sounds Stratocaster 1976 - Vintage White
G774270;777.59;20;EUR;1;Greco Super Sounds Stratocaster 1977 - Natural
G772595;701.99;20;EUR;1;Greco Super Sounds Stratocaster 1977 - Vintage White
G790415;738.71;20;EUR;1;Greco Super Sounds Stratocaster SE380 1979 - Sunburst
978120DE-114;2721.59;20;EUR;1;Gretsch 6120DE Duane Eddy Signature 1997 - Ebony Burst
KS17074542;680.39;20;EUR;1;Gretsch G5420T 2017 - Orange
JT10061750;2031.47;20;EUR;1;Gretsch G6129TL 2010 - Jet Light Blue Pearl
IT18124994;1846.79;20;EUR;1;Gretsch G6228FM Jet Players Edition 2018 - Crimson Stain
x00194;738.71;20;EUR;1;Grover Jackson Flying V - Silver Sparkle
9620086;345.59;20;EUR;1;Grover Jackson GJr‑R40SP Mini Rhoads 1996 - Dots
9648171;355.31;20;EUR;1;Grover Jackson IG 1996 - Trans Red
x00195;383.39;20;EUR;1;Grover Jackson Superstrat - Blue
99111777;96.22;20;EUR;1;Guyatone Hard Rocker HR2 Effect Pedal 1999 - Vintage Japan
95060344;96.22;20;EUR;1;Guyatone HR2 Hard Rocker 1995 Effect Pedal - Vintage Japan
94061011;131.21;20;EUR;1;Guyatone MM-1 Metal Monster Flip Valve 1994 Effect Pedal - Vintage Japan
8115774;96.22;20;EUR;1;Guyatone PS-003 Compressor Effect Pedal 1981 - Vintage Japan
8021743;113.71;20;EUR;1;Guyatone PS-004 Flanger Effect Pedal 1980 - Vintage Japan
8118808;113.71;20;EUR;1;Guyatone PS-004 Flanger Effect Pedal 1981 - Vintage Japan
8611592;104.97;20;EUR;1;Guyatone PS-010 Compression Sustainer 1986 Effect Pedal - Vintage Japan
8607234;104.97;20;EUR;1;Guyatone PS-010 Compression Sustainer Effect Pedal 1986 - Vintage Japan
8323205;113.71;20;EUR;1;Guyatone PS-017 Distortion & Chorus Effect Pedal 1983 - Vintage Japan
8612844;104.97;20;EUR;1;Guyatone PS-038 Bass Exciter/Limiter B-II 1986 Effect Pedal - Vintage Japan
8716202;96.22;20;EUR;1;Guyatone PS-038 Bass Exciter/Limiter B-II Effect Pedal 1987 - Vintage Japan
801150;131.21;20;EUR;1;Guyatone PS-104 Cross Over Auto Wah Effect Pedal 1980 - Vintage Japan
M08011166;439.55;20;EUR;1;Hagstrom Ultra Swede 2008 - Red Burst
G12060623;583.19;20;EUR;1;HAGSTROM Viking The Rod LTD 2012 - Black
80200;2915.99;20;EUR;1;Hamer 1978 Bound and Crowned - Sunburst
x00196;231.11;20;EUR;1;Harley Benton Piezo Stratocaster - Sunburst
x00197;777.59;20;EUR;1;Höfner 173 - Vinyl White
X00003;415.52;20;EUR;1;Höfner 520 1960s
x00112;583.19;20;EUR;1;Höfner Colorama Classic - Cherry Red
X00013;880.19;20;EUR;1;Höfner Super Solid 173 - Vinyl White
x00198;971.99;20;EUR;1;Ibanez 2375 Vintage Japan Stratocaster 1970s - Sunburst
x00093;1457.99;20;EUR;1;Ibanez 2375N Vintage Japan Stratocaster 1970s - Natural
S09011917;388.79;20;EUR;1;Ibanez ART80 2009 - Black
S06044861;680.39;20;EUR;1;Ibanez Artcore AGS83B-ATF-12-01 2006 - Natural Burst
S02090232;615.59;20;EUR;1;Ibanez Artcore Talman TM71 2002 - Goldtop
B797218;3401.99;20;EUR;1;Ibanez Artist 2700 1979 - Natural
141014057;510.83;20;EUR;1;Ibanez BTB675-NTL 2014
I210718728;1166.39;20;EUR;1;Ibanez BTB845 5-String Bass 2021 - Cerulean Blue Burst
X00031;777.59;20;EUR;1;Ibanez Concord Akustik 684-12E 1974-1978 - Cherry Sunburst
S14110976;833.36;20;EUR;1;Ibanez EKM10T-WRD-12-01 2014 - Wine Red
3041894;388.79;20;EUR;1;Ibanez EX Series EX170L Lefthand 1993 - Black
I080214866;1200.95;20;EUR;1;Ibanez Iceman ICT700 2008 - Black
I080752560;1263.59;20;EUR;1;Ibanez Iceman ICT700 2008 - Black
C5054086;874.79;20;EUR;1;Ibanez JEM555 Steve Vai Signature - White
C410405;415.79;20;EUR;1;Ibanez JEM555 Steve Vai Signature - White - Defekt
I080921849;777.59;20;EUR;1;Ibanez JEM555 Steve Vai Signature 2008 - White
H905266;831.59;20;EUR;1;Ibanez JP20 Joe Pass Signature 1990 - Tobacco Burst
X00032;790.55;20;EUR;1;Ibanez Les Paul 2350 - Black
X00028;1016.27;20;EUR;1;Ibanez Les Paul Custom Pre Lawsuit 1973 - Ebony
L815212;1457.99;20;EUR;1;Ibanez LR10 Lee Ritenour Signature 1982 - Antique Violin
K794612;1477.43;20;EUR;1;Ibanez Performer PF350 1979 - Cherry Red
S4053035;1385.63;20;EUR;1;Ibanez PF350BK Performer 1994 - Black
X00055;738.71;20;EUR;1;Ibanez Pre Lawsuit 2375 Stratocaster 1970s - Sunburst
F1503663;1166.39;20;EUR;1;Ibanez Prestige RGD2127Z 7-String 2015 - Invisible Shadow
F0402419;738.71;20;EUR;1;Ibanez Prestige SA1260 2004 - Sunburst
F700540;485.99;20;EUR;1;Ibanez RB830 Roadstar II Series Bass 1987 - Black
F422874;665.27;20;EUR;1;Ibanez RG Series 1994 - Luna Sea
W210522;289.43;20;EUR;1;Ibanez RG Standard 2021 - Red
J860407;923.39;20;EUR;1;Ibanez RG410 Roadstar II Series 1986 - Black
I220610135;375.83;20;EUR;1;Ibanez RG421 2022 - Natural
F105389;1263.59;20;EUR;1;Ibanez RG550 1991 - Candy Apple Red
F348754;874.79;20;EUR;1;Ibanez RG670 1993 - Root Beer
I211007116;1316.51;20;EUR;1;Ibanez RGD71ALPA 2021 - Charcoal Burst Black Stained Flat
F612398;665.27;20;EUR;1;Ibanez RGR470 1996 - Black
08061900;680.39;20;EUR;1;Ibanez RGT6EX 2008 - Black
H850302;646.91;20;EUR;1;Ibanez RS440 Roadstar II Series 1985 - Vintage White
312222;215.99;20;EUR;1;Ibanez SD9 Sonic Distortion Effect Pedal
I160309694;554.03;20;EUR;1;Ibanez SDGR SR500 1P-06 Bass 2016 - Brown
I240206396;1069.19;20;EUR;1;Ibanez SRMS720 Bass 2024 - Blue Chameleon
I791752;1943.99;20;EUR;1;Ibanez Studio Bass ST924 1979 - Natural
GS210311142;291.59;20;EUR;1;Ibanez Talman TCY10LE-BLK Lefthand 2021 - Black
S02101734;510.83;20;EUR;1;Ibanez Talman TM71T 2002 - Jewel Blue
910588;10526.75;20;EUR;1;Ibanez Universe UV77MC Steve Vai Signature 1991 - Multicolor
CWJ1523893;291.59;20;EUR;1;Jackson JS22 Dinky DKA 2015 - Metallic Blue
X00004;5831.99;20;EUR;1;James Collins Signature GTO 2023 - Natural
10298;3324.23;20;EUR;1;James Trussart Rusty Deville 59 2011 - Steel
x00199;646.91;20;EUR;1;Juno Flying V - Acryl / Transparent
x00201;184.67;20;EUR;1;Kapok MEG 9012 Stratocaster - Red
X00014;194.39;20;EUR;1;Kay Acoustic C950 - Natural
X00006;184.67;20;EUR;1;Keiper Shortscale Stratocaster Junior - Black
x00202;693.35;20;EUR;1;Kramer LK-1 1980s - Black
60867;665.27;20;EUR;1;Kramer Neptune NJ 1980s - Black
12488;1263.59;20;EUR;1;Kramer Pacer Deluxe - Metallic Blue
10082901074;524.87;20;EUR;1;Kramer Pariah 2010 - Candy Red Black Flames
22071314806;375.83;20;EUR;1;Kramer Striker 2022 - Trans Purple
24121524444;790.55;20;EUR;1;Kramer Volante HHFR 2024 - Defender Red
CD9508;1943.99;20;EUR;1;Lake Placid Custom by Andre Waldenmaier HSS Floyd Rose 1995 - See Thru Green
36056;2429.99;20;EUR;1;Lakewood M-20 Custom Grand Concert 2024 - Natural
13092801180;462.23;20;EUR;1;Maestro by Gibson Les Paul 2013 - Red
14072803415;485.99;20;EUR;1;Maestro by Gibson SG 2014 - Cherry Red
X00029;3887.99;20;EUR;1;Marshall JCM800 2203 MKII 100W + 1960A 4x12 Cabinet – 1995 Limited Edition Red Stack
MG129480;680.39;20;EUR;1;Martin LX1 LR Baggs 2011 - Natural
x00203;554.03;20;EUR;1;Mavis Flying V Acryl - Blue
214160;192.45;20;EUR;1;Maxon AD-9 Analog Delay Effect Pedal 1980s - Vintage Japan
125167;104.97;20;EUR;1;Maxon Bass EQ BE-01 Effect Pedal - Vintage Japan
000702;113.71;20;EUR;1;Maxon CP-F1 Compressor Effector Fire Blade Effect Pedal - Vintage Japan
95234;139.96;20;EUR;1;Maxon D&S II Distortion Sustainer Effect Pedal 1970s - Vintage Japan
210087;139.96;20;EUR;1;Maxon PT-01 Phaser Effect Pedal 1980s - Vintage Japan
95ZHR347;139.96;20;EUR;1;Maxon RCP660 Real Compressor Effect Pedal - Vintage Japan
013HS055;139.96;20;EUR;1;Maxon ROD 881 Real Overdrive/Distortion Effect Pedal - Vintage Japan
131029;122.46;20;EUR;1;Maxon SM-01 Super Metal Effect Pedal - Vintage Japan
MKV-006691;2429.99;20;EUR;1;Mesa Boogie Mark Five Head 90W
x00177;1385.63;20;EUR;1;Mesa Boogie Mini Rectifier Twenty Five - 100V - Japan Model
190/300;4590.0;20;EUR;1;Mesa Boogie MK1 1x12 King Snake Santana Signature 2014 - 190/300
K21190164;874.79;20;EUR;1;Michael Kelly Custom Collection Patriot Instinct 2021 - Scorched
x00176;512.99;20;EUR;1;MJT Aged Relic Nitro Jazzmaster Body - Vintage White
EMCE0146;777.59;20;EUR;1;Mosrite Avenger - Cherry Red
G26809;1846.79;20;EUR;1;Music Man Benji Madden Signature Silhouette Special 2005 - Madden Green
G03140;849.95;20;EUR;1;Music Man Ernie Ball Axis Sport 1998 - Black
F03159;1846.79;20;EUR;1;Music Man Ernie Ball Sterling 4H Bass 2000 - Candy Apple Red
E29594;1292.75;20;EUR;1;Music Man Ernie Ball StingRay EX Bass - Red
X07277;1263.59;20;EUR;1;Music Man Sub Bass 2004 - Textured Cinnamon
x00094;97.19;20;EUR;1;MXR Boost/Line Driver - Effektpedal
x00095;97.19;20;EUR;1;MXR Smart Gate - Effektpedal
x00204;701.99;20;EUR;1;Navigator by ESP Espionage Bass - Tobacco Burst
#001;3887.99;20;EUR;1;o3 Guitars Radon - Alejandro Ramirez - Red
G006233;1166.39;20;EUR;1;Orville by Gibson Firebird 1990 - Vintage Sunburst
G909930;831.59;20;EUR;1;Orville by Gibson Les Paul Standard 1989 - Cherry Sunburst
K096081;866.15;20;EUR;1;Orville Gibson LPS Les Paul Standard 1990 - Heritage Cherry Sunburst
K096955;962.27;20;EUR;1;Orville Gibson SG 1990 - Ebony
X00107;971.99;20;EUR;1;Orville Les Paul - Ebony
x00205;831.59;20;EUR;1;Orville Les Paul 1989-1993 - Cherry Sunburst - Vintage Japan
K028745;777.59;20;EUR;1;Orville Les Paul 1990 - Ebony
305544;971.99;20;EUR;1;Orville Les Paul 1993 - Foto Flame - Vintage Japan
K028831;923.39;20;EUR;1;Orville Les Paul Standard 1990 - Heritage Cherry Sunburst
302086;874.79;20;EUR;1;Orville Les Paul Standard 1993 - Fotoflame - Cherry Sunburst
706255;831.59;20;EUR;1;Orville LPC Les Paul Custom 1997 - Ebony
X00040;790.55;20;EUR;1;Orville LPS Les Paul Standard - Cherry Sunburst
K028904;831.59;20;EUR;1;Orville LPS Les Paul Standard 1990 - Cherry Sunburst
K007210;831.59;20;EUR;1;Orville LPS Les Paul Standard 1990 - Cherry Sunburst
611497;1052.99;20;EUR;1;Orville LPS Les Paul Standard 1996 - Quilt Top
K009605;874.79;20;EUR;1;Orville LPS-75 Les Paul 1990 - Cherry Sunburst
K016215;777.59;20;EUR;1;Orville SG 1990 - Ebony
241528;785.15;20;EUR;1;Ovation 1613 1981 - Natural
532145;680.39;20;EUR;1;Ovation 1868 Elite 1998 - Sunburst
560471;777.59;20;EUR;1;Ovation 1869 Custom Legend 2001 - Black
532658;680.39;20;EUR;1;Ovation 6778 Elite Standard 1998 - Natural
E10921;1846.79;20;EUR;1;Ovation Deacon 12-String 1975-1980 - Sunburst
567019;680.39;20;EUR;1;Ovation S778 Elite Special 2002 - Natural
x00181;32.39;20;EUR;1;Pat’s Guitars Deluxe E-Gitarren Gigbag
011153;131.21;20;EUR;1;Pearl DS-06 Distortion 1980s Effect Pedal - Vintage Japan
x00183;369.35;20;EUR;1;Peavey Valve King 20MH - Amp Head
x00207;416.87;20;EUR;1;Playtech Flying V - Pink
8129891;1457.99;20;EUR;1;PRS Mira 2008 - Lilac Mist
17S2026535;1385.63;20;EUR;1;PRS S2 Standard 22 - Antique White
Q12668;831.59;20;EUR;1;PRS SE Chris Robertson Signature 2016 - Kentucky Blueburst
H00769;693.35;20;EUR;1;PRS SE Custom 22 2007 - Transparent Black
M04169;785.15;20;EUR;1;PRS SE Custom 24 2012 - Cherry Red
E10061;971.99;20;EUR;1;PRS SE Hollowbody Standard 2021 - Fire Red Burst
R28702;874.79;20;EUR;1;PRS SE Kestrel Bass 2017 - Sunburst
K10759;874.79;20;EUR;1;PRS SE Nick Catanese Signature 2010 - Black
G03105;738.71;20;EUR;1;PRS SE Soapbar II 2006 - Green Burst
F02530;680.39;20;EUR;1;PRS SE Standard 2005 - Camo
K22703;831.59;20;EUR;1;PRS SE Zach Myers Signature 2010 - Royal Blue
1452007406;1385.63;20;EUR;1;PRS USA S2 Mira 2014 - Vintage Cherry
x00208;139.31;20;EUR;1;Rocktile Akustikgitarre - Black
x00209;145.79;20;EUR;1;Rocktile Pro MM250-MB - Dark Blue
IW22021383;673.91;20;EUR;1;Schecter Banshee GT FR 2022 - Satin Trans Blue
W14040095;615.59;20;EUR;1;Schecter Damien Elite FR 2014 - Crimson Red
L09020638;680.39;20;EUR;1;Schecter Diamond Series Apocalypse V-1 2009 - Limited Edition
S080401264;527.03;20;EUR;1;Schecter Diamond Series Damien FR 2008 - Black
W19080610;1049.75;20;EUR;1;Schecter Diamond Series Hellraiser Hybrid PT 2019 - Ultra Violet
0339684;646.91;20;EUR;1;Schecter Diamond Series S-1 Elite 2013 - Black Cherry
47358;777.59;20;EUR;1;Schecter HSH Japan - Amber
x00210;701.99;20;EUR;1;Schecter Japan Progauge 7-String PS600 - Translucent Cherry
x00211;738.71;20;EUR;1;Schecter Japan SD-2-22 HSH - Trans Green
SOL-2412250;449.27;20;EUR;1;Schecter JOL Series Telecaster 2024 - Natural
W14081856;524.87;20;EUR;1;Schecter PT Fastback 2014 - Sunburst
16-09034;2010.95;20;EUR;1;Schecter USA Custom Shop Michael Anthony Signature Bass 2016 - Handsigned - Inferno Orange
311;1943.99;20;EUR;1;Siggi Braun Blackbird – Custom Shop - 2011 - Matte Black
X00009;866.15;20;EUR;1;Sigma M Stratocaster - Natural
10297;1846.79;20;EUR;1;Sign Guitars German Custom Made 52’ Thinline Telecaster 2007 - Butterscotch Blonde
16873;2031.47;20;EUR;1;Sign Guitars German Custom Made Relectro 2013 - Black
2N25750140;583.19;20;EUR;1;Sire Larry Carlton L7 Les Paul - Metallic Gold
IW22030076;600.47;20;EUR;1;Solar A2.6FB 2022 - Flame Black Burst Matte
IW24060483;831.59;20;EUR;1;Solar ABHT1.6 2024 - Trans Purple
IW22070033;923.39;20;EUR;1;Solar T1.6FRBOP 2022 - Black Matte Open Pore
IW22051212;831.59;20;EUR;1;Solar T1.6H3TS 2022 - Sunburst
IW25050180;971.99;20;EUR;1;Solar VAR1.6FR 2025 - Matte Black
E729633;646.91;20;EUR;1;Squier Bullet Bass Korea 1987 - Red
ICS09118845;646.91;20;EUR;1;Squier by Fender Avril Lavigne Signature Telecaster 2009
IC060531889;728.99;20;EUR;1;Squier Hello Kitty Edition Mini Stratocaster 2006 - Pink
JST5M9L;3110.39;20;EUR;1;Suhr Classic Antique Pro - 3T Sunburst
X00034;350.99;20;EUR;1;Switch Vibracell - Blue
1101182138;1069.19;20;EUR;1;Taylor SB1 2011 - Black
CN23050210;748.43;20;EUR;1;Tokai ALS94GT Love Rock Les Paul 2023 - Goldtop
C104995;738.71;20;EUR;1;Tokai Breezysound Lefthand Telecaster 2010 - Natural
150212;997.91;20;EUR;1;Tokai Breezysound TE150 Telecaster 2015 - Blue Flower
150229;898.55;20;EUR;1;Tokai Breezysound TE150 Telecaster 2015 - Blue Flower
2044003;1662.11;20;EUR;1;Tokai ES180-AL Alvin Lee Signature Model 2020 - Cherry
2025159;777.59;20;EUR;1;Tokai Five Star 1982 - White
202002;738.71;20;EUR;1;Tokai FSD-65 Five Star Super Edition 1982 - Black
L15557;646.91;20;EUR;1;Tokai Goldstar Sound Stratocaster 1981 - Sunburst
4013938;449.27;20;EUR;1;Tokai LBX50 Electric Bass 1984 - Metallic Red
4014377;449.27;20;EUR;1;Tokai LBX50 Electric Bass 1984 - White
CN12040304;524.87;20;EUR;1;Tokai Love Rock ALS80 Les Paul 2012 - Sparkle
CN23050227;831.59;20;EUR;1;Tokai Love Rock ALS94T Les Paul 2023 - Goldtop
9404091;824.03;20;EUR;1;Tokai Love Rock Les Paul 1994 - Cherry Sunburst
0205070;971.99;20;EUR;1;Tokai Love Rock Les Paul 2002 - Honey Burst
2348101;1229.03;20;EUR;1;Tokai Love Rock Les Paul LS162QZ 2023 - Quilt
9002301;1123.19;20;EUR;1;Tokai LS100 Love Rock Les Paul 1990 - Mahogany
2044215;1263.59;20;EUR;1;Tokai LS135 Love Rock Les Paul 2020 - Honeyburst
1101571;971.99;20;EUR;1;Tokai LS50 Love Rock Les Paul 1981 - Ebony
0010090;748.43;20;EUR;1;Tokai LS60 Love Rock Les Paul 1980 - Ebony
1015496;997.91;20;EUR;1;Tokai LS60 Love Rock Les Paul 1981 - All Gold
9102474;824.03;20;EUR;1;Tokai LS65 Love Rock Les Paul 1991 - Cherry Sunburst
3029445;449.27;20;EUR;1;Tokai MBX55 Medium Scale Bass 1983 - Metallic Red
2023582;790.55;20;EUR;1;Tokai Original Series Explorer 1982 - Vintage White
x00099;631.79;20;EUR;1;Tokai SG - Cherry Red
x00098;646.91;20;EUR;1;Tokai SG 38SW - Snow White
0008641;615.59;20;EUR;1;Tokai Silver Star SS-48 Stratocaster 1980 - Sunburst
2020346;738.71;20;EUR;1;Tokai Silver Star Stratocaster 1982 - Black
4045207;777.59;20;EUR;1;Tokai Silver Star Stratocaster 1984 - Vintage White
1015185;673.91;20;EUR;1;Tokai Springy Sound VS80 1981 - Amber Burst
L99;583.19;20;EUR;1;Tokai SS50 Custom Edition Stratocaster 1984 - Vintage White
L23849;583.19;20;EUR;1;Tokai ST Stratocaster 1980s - Black
112744;583.19;20;EUR;1;Tokai ST Stratocaster Limited Edition 1980s - Candy Apple Red
L84;599.39;20;EUR;1;Tokai Talbo Blazing Fire 1984 - Aluminium
C104905;701.99;20;EUR;1;Tokai Telecaster Breezysound Lefthand 2010 - Vintage White
x00212;874.79;20;EUR;1;Trinity by Relish - Metallic Blue
VA0117;2429.99;20;EUR;1;Valley Arts Guitar Custom Pro 1985-1986 - Sunburst
00059-1224;583.19;20;EUR;1;Victory Amplifiers Sheriff 212 Cabinet
x00182;64.79;20;EUR;1;Vintage Guitar Magazine Price Guide 2026 – Offizieller Gitarren-Preisführer
x00213;176.03;20;EUR;1;Vision Stratocaster - Red
x00214;92.87;20;EUR;1;Vision Superstrat - Sunburst
x00184;87.47;20;EUR;1;VOCU Magic Mic Room Microphone Preamp Pedal
005170;139.96;20;EUR;1;VOX Joe Satriani Signature JS-DS Satchurator Distortion Effect Pedal - Japan
H1000079;1943.99;20;EUR;1;Vox Virage 2010 - Trans Red
X00001;4859.99;20;EUR;1;Wandre Tri-Lam Teenager Blue Jeans 1959 - Multicolour
RB C524580-13;554.03;20;EUR;1;Warwick Corvette Rock Bass 5-String 2013 - Black
G-116547-05;874.79;20;EUR;1;Warwick Corvette Standard Bass 2005 - Brown Natural
G555729-18;777.59;20;EUR;1;Warwick Infinity RockBass 2018 - Natural
M112111-04;3693.59;20;EUR;1;Warwick Thumb NT Bass 2004 - Natural Oil Finish
x00215;971.99;20;EUR;1;Wotan Bass - Natural - Vintage Japan
x00185;104.97;20;EUR;1;Yamaha DI-10M Distortion Effect Pedal - Vintage Japan
003308;680.39;20;EUR;1;Yamaha Japan Studio Lord Les Paul SL400S 1990 - Cherry Sunburst
x00186;174.95;20;EUR;1;Yamaha OD-01 Overdrive Effect Pedal - Vintage Japan
x00187;104.97;20;EUR;1;Yamaha OD-100 Over Drive Effect Pedal - Vintage Japan
x00188;104.97;20;EUR;1;Yamaha OD-100 Over Drive Effect Pedal - Vintage Japan
152513;116.63;20;EUR;1;Zoom GFX-707 Effects Processor Pedal
